geocent_time,ra,dec,psi,duration,f_min,h1_peak_time_offset
1420878141.235932,2.333,0.19,1.329,5.47998046875,23.263421850767326,2.982666015625
