mass,luminosity_distance,ra,dec,psi,duration,f_min,h1_peak_time_offset
71.5,200,2.333,0.19,1.329,5.45361328125,23.3769589160005,2.965576171875
